model,seed,N,mean_NND,std_NND,CV_NND,yellow_count,red_count,black_count,yellow_fraction,red_fraction,black_fraction,use_repulsion,use_gap_birth,use_growth_displacement,calibrated_birth_rate
self,7,185,4.317550118994783,0.730326819297238,0.16915306115012843,55,2,128,0.2972972972972973,0.010810810810810811,0.6918918918918919,True,True,True,1.0
random_development_matched,7,184,2.8401991727604132,1.5478411396524387,0.5449762659241725,56,1,127,0.30434782608695654,0.005434782608695652,0.6902173913043478,False,False,True,0.0016
random_mask,407,185,3.1562324628243212,1.5583925618288794,0.4937508818453361,55,2,128,0.2972972972972973,0.010810810810810811,0.6918918918918919,False,False,False,
