model,seed,N,mean_NND,std_NND,CV_NND,yellow_count,red_count,black_count,yellow_fraction,red_fraction,black_fraction,use_repulsion,use_gap_birth,use_growth_displacement,calibrated_birth_rate
full_self_organized,7,191,4.43900631445377,0.7683748523609801,0.1730961386242942,47,1,143,0.24607329842931938,0.005235602094240838,0.7486910994764397,True,True,True,1.0
random_development_matched,7,187,2.876461461411703,1.575788770012005,0.547821964991005,57,2,128,0.3048128342245989,0.0106951871657754,0.6844919786096256,False,False,True,0.0015625
random_mask_matched,7,191,3.0655106882087817,1.6405931445377757,0.5351777603802323,47,1,143,0.24607329842931938,0.005235602094240838,0.7486910994764397,False,False,False,1.0
