model,seed,N,mean_NND,std_NND,CV_NND,yellow_count,red_count,black_count,yellow_fraction,red_fraction,black_fraction,use_repulsion,use_gap_birth,use_growth_displacement,calibrated_birth_rate
self,7,185,4.317550118994783,0.730326819297238,0.16915306115012843,55,2,128,0.2972972972972973,0.010810810810810811,0.6918918918918919,True,True,True,1.0
random_development_matched,7,188,2.6234279304302244,1.6403305649423605,0.6252622936253988,51,6,131,0.2712765957446808,0.031914893617021274,0.6968085106382979,False,False,True,0.002
random_mask,407,185,3.1562324628243212,1.5583925618288794,0.4937508818453361,55,2,128,0.2972972972972973,0.010810810810810811,0.6918918918918919,False,False,False,
