model,seed,N,mean_NND,std_NND,CV_NND,yellow_count,red_count,black_count,yellow_fraction,red_fraction,black_fraction,use_repulsion,use_gap_birth,use_growth_displacement,calibrated_birth_rate,knn_distance,knn_distance_std,short_range_pair_density,first_pair_density_peak_distance
self,7,214,4.35526545500466,0.7121812933601803,0.1635219025608749,44,7,163,0.205607476635514,0.0327102803738317,0.7616822429906542,True,True,True,1.0,4.35526545500466,0.7121812933601803,0.00027544988420196483,5.1
no_repulsion,7,216,2.938453681333016,1.383029421900117,0.4706657214594041,70,3,143,0.324074074074074,0.0138888888888888,0.6620370370370371,False,True,True,0.0025,2.9384536813330158,1.3830294219001167,0.0147261726363361,0.8999999999999999
no_gap_birth,7,196,4.2406346528793595,0.8435097033977398,0.198911194300788,47,1,148,0.2397959183673469,0.0051020408163265,0.7551020408163265,True,False,True,0.27675,4.2406346528793595,0.8435097033977398,0.0005012438368981332,6.3
no_growth_displacement,7,195,3.8259735006157,0.8183025603520703,0.2138808750819026,49,4,142,0.2512820512820513,0.0205128205128205,0.7282051282051282,True,True,False,1.0,3.8259735006157,0.8183025603520703,0.0015114429543389863,4.5
random_development_matched,7,210,2.705407777292471,1.3048492319269165,0.48231148105603,65,3,142,0.3095238095238095,0.0142857142857142,0.6761904761904762,False,False,True,0.00176,2.705407777292471,1.3048492319269163,0.013994727926195872,2.7
random_mask,407,214,3.056024278424643,1.4959542144422189,0.4895099247093947,44,7,163,0.205607476635514,0.0327102803738317,0.7616822429906542,False,False,False,,3.056024278424643,1.4959542144422189,0.010453978938522186,2.0999999999999996
